user_id,lot_id,quantity
1,1,1000
1,2,1004.416321
1,3,1000
1,4,1000
2,1,1000
2,2,1000
2,3,997.742615
2,4,1000
3,1,1000
3,2,1001.542480
3,3,996.375488
3,4,1000
4,1,1000
4,2,1007.165588
4,3,999.203247
4,4,1000
